{"cameraMode":{"drawMode":0,"name":"Shaded","section":"Shading Mode"},"sceneLighting":true,"audioPlay":false,"sceneViewState":{"showFog":true,"showMaterialUpdate":false,"showSkybox":true,"showFlares":true,"showImageEffects":true,"showParticleSystems":true},"in2DMode":false,"pivot":{"x":851.6785278320313,"y":171.98057556152345,"z":90.54364013671875},"rotation":{"x":-0.19087250530719758,"y":-0.05123315751552582,"z":0.009975125081837178,"w":-0.9802262187004089},"size":620.0527954101563,"orthographic":false}